tc.you.demo.BulkTestType,phoneNumber,PdsDevice,mobileNumber,x,unchecked
name,phoneNumber,location,address,city,province,country
name0,777-0,a440,2033 N Main St,Walnut Creek,CA,USA
name1,777-1,a441,2033 N Main St,Walnut Creek,CA,USA
name2,777-2,a442,2033 N Main St,Walnut Creek,CA,USA
name3,777-3,a443,2033 N Main St,Walnut Creek,CA,USA
name4,777-4,a444,2033 N Main St,Walnut Creek,CA,USA
name5,777-5,a445,2033 N Main St,Walnut Creek,CA,USA
name6,777-6,a446,2033 N Main St,Walnut Creek,CA,USA
name7,777-7,a447,2033 N Main St,Walnut Creek,CA,USA
name8,777-8,a448,2033 N Main St,Walnut Creek,CA,USA
name9,777-9,a449,2033 N Main St,Walnut Creek,CA,USA
name10,777-10,a4410,2033 N Main St,Walnut Creek,CA,USA
name11,777-11,a4411,2033 N Main St,Walnut Creek,CA,USA
name12,777-12,a4412,2033 N Main St,Walnut Creek,CA,USA
name13,777-13,a4413,2033 N Main St,Walnut Creek,CA,USA
name14,777-14,a4414,2033 N Main St,Walnut Creek,CA,USA
name15,777-15,a4415,2033 N Main St,Walnut Creek,CA,USA
name16,777-16,a4416,2033 N Main St,Walnut Creek,CA,USA
name17,777-17,a4417,2033 N Main St,Walnut Creek,CA,USA
name18,777-18,a4418,2033 N Main St,Walnut Creek,CA,USA
name19,777-19,a4419,2033 N Main St,Walnut Creek,CA,USA
name20,777-20,a4420,2033 N Main St,Walnut Creek,CA,USA
name21,777-21,a4421,2033 N Main St,Walnut Creek,CA,USA
name22,777-22,a4422,2033 N Main St,Walnut Creek,CA,USA
name23,777-23,a4423,2033 N Main St,Walnut Creek,CA,USA
name24,777-24,a4424,2033 N Main St,Walnut Creek,CA,USA
name25,777-25,a4425,2033 N Main St,Walnut Creek,CA,USA
name26,777-26,a4426,2033 N Main St,Walnut Creek,CA,USA
name27,777-27,a4427,2033 N Main St,Walnut Creek,CA,USA
name28,777-28,a4428,2033 N Main St,Walnut Creek,CA,USA
name29,777-29,a4429,2033 N Main St,Walnut Creek,CA,USA
name30,777-30,a4430,2033 N Main St,Walnut Creek,CA,USA
name31,777-31,a4431,2033 N Main St,Walnut Creek,CA,USA
name32,777-32,a4432,2033 N Main St,Walnut Creek,CA,USA
name33,777-33,a4433,2033 N Main St,Walnut Creek,CA,USA
name34,777-34,a4434,2033 N Main St,Walnut Creek,CA,USA
name35,777-35,a4435,2033 N Main St,Walnut Creek,CA,USA
name36,777-36,a4436,2033 N Main St,Walnut Creek,CA,USA
name37,777-37,a4437,2033 N Main St,Walnut Creek,CA,USA
name38,777-38,a4438,2033 N Main St,Walnut Creek,CA,USA
name39,777-39,a4439,2033 N Main St,Walnut Creek,CA,USA
name40,777-40,a4440,2033 N Main St,Walnut Creek,CA,USA
name41,777-41,a4441,2033 N Main St,Walnut Creek,CA,USA
name42,777-42,a4442,2033 N Main St,Walnut Creek,CA,USA
name43,777-43,a4443,2033 N Main St,Walnut Creek,CA,USA
name44,777-44,a4444,2033 N Main St,Walnut Creek,CA,USA
name45,777-45,a4445,2033 N Main St,Walnut Creek,CA,USA
name46,777-46,a4446,2033 N Main St,Walnut Creek,CA,USA
name47,777-47,a4447,2033 N Main St,Walnut Creek,CA,USA
name48,777-48,a4448,2033 N Main St,Walnut Creek,CA,USA
name49,777-49,a4449,2033 N Main St,Walnut Creek,CA,USA
name50,777-50,a4450,2033 N Main St,Walnut Creek,CA,USA
name51,777-51,a4451,2033 N Main St,Walnut Creek,CA,USA
name52,777-52,a4452,2033 N Main St,Walnut Creek,CA,USA
name53,777-53,a4453,2033 N Main St,Walnut Creek,CA,USA
name54,777-54,a4454,2033 N Main St,Walnut Creek,CA,USA
